Title,Company,Description,Link
 Junior Golang Python Developer , Digital Currency Group ,Location: United States CT Stamford ,https://web3.career/junior-golang-python-developer-digitalcurrencygroup/60937
 Quantitative Developer Python Crypto , Qube Research & Technologies ,Location: Remote,https://web3.career/quantitative-developer-python-crypto-quberesearchandtechnologies/60737
 Senior Backend Engineer Python , Bitpanda ,Location: Austria Vienna ,https://web3.career/senior-backend-engineer-python-bitpanda/60673
 Senior Developer Java Python Data and Quantitative Analytics , Crypto.com ,Location: Singapore Singapore ,https://web3.career/senior-developer-java-python-data-and-quantitative-analytics-crypto-com/60321
 Lead Devops Engineer , DIA ,Location: Remote ,https://web3.career/lead-devops-engineer-dia/59139
 Software Engineer Python , Bitpanda ,Location: Austria Vienna ,https://web3.career/software-engineer-python-bitpanda/58264
 Software Engineer Python , Wintermute ,Location: United Kingdom London ,https://web3.career/software-engineer-python-wintermute-trading/9886
 Senior R D Engineer Java Python , OKX ,Location: Singapore Singapore ,https://web3.career/senior-r-d-engineer-java-python-okx/58941
 Senior Python Software Engineer Web3 DeFi , Clearmatics ,Location: United Kingdom London ,https://web3.career/senior-python-software-engineer-web3-defi-clearmatics/58882
 Engineer Python , Bitpanda ,Location: Austria Vienna ,https://web3.career/engineer-python-bitpanda/58332
 Junior Python Engineer , Swissblock ,Location: Switzerland Zug ,https://web3.career/junior-python-engineer-swissblock/57802
 Senior Quantitative Engineer , Tokemak ,Location: Remote ,https://web3.career/senior-quantitative-engineer-tokemak/57551
 Python Developer Remote , Crystal Blockchain Analytics ,Location: Ireland Dublin ,https://web3.career/python-developer-remote-crystal/57505
 Software Engineer Python , Plai Labs ,Location: United States CA Los Angeles ,https://web3.career/software-engineer-python-plailabsinc/57093
 Data Scientist , Strike ,Location: Remote ,https://web3.career/data-scientist-strike/57057
 Middle Python Developer Remote , Crystal Blockchain Analytics ,Location: Ukraine Kiev ,https://web3.career/middle-python-developer-remote-crystal/57006
 Lead AI ML Engineer , CERE NETWORK ,Location: Remote ,https://web3.career/lead-ai-ml-engineer-cere-network/55978
 Software Engineer Python Go Data+Backend , Kronos Research ,Location: Taiwan Taipei ,https://web3.career/software-engineer-python-go-data-backend-kronosresearch/55921
 Senior Full Stack Developer Python Javascript , Volume ,Location: Remote ,https://web3.career/senior-full-stack-developer-python-javascript-volume-finance/55900
 Backend Developer , Lemon.io ,Location: Canada ,https://web3.career/back-end-developer-lemon-io/55259
 Technical Product Owner Remote , Nillion ,Location: Remote ,https://web3.career/technical-product-owner-remote-nillion/55256
 Senior Python Engineer Blockchain , Fireblocks ,Location: Israel Tel Aviv ,https://web3.career/senior-python-engineer-blockchain-fireblocks/54888
 Senior Engineer Python , Bitpanda ,Location: Austria Vienna ,https://web3.career/senior-engineer-python-bitpanda/54864
 Python Developer Senior Python Developer , Unlimit ,Location: India Gurgaon ,https://web3.career/python-developer-senior-python-developer-unlimit/53334
 Lead Python Architect , Plai Labs ,Location: United States CA Los Angeles ,https://web3.career/lead-python-architect-plailabsinc/53278
